{"cameraMode":{"drawMode":0,"name":"Shaded","section":"Shading Mode"},"sceneLighting":false,"audioPlay":false,"sceneViewState":{"m_AlwaysRefresh":false,"showFog":true,"showSkybox":false,"showFlares":true,"showImageEffects":true,"showParticleSystems":true,"showVisualEffectGraphs":true,"m_FxEnabled":true},"in2DMode":false,"pivot":{"x":5.219995498657227,"y":-3.0799951553344728,"z":-2.699995279312134},"rotation":{"x":0.01726570352911949,"y":0.37178468704223635,"z":-0.006917439866811037,"w":0.9281334280967712},"size":6.767541408538818,"orthographic":true}