{"cameraMode":{"drawMode":0,"name":"Shaded","section":"Shading Mode"},"sceneLighting":false,"audioPlay":false,"sceneViewState":{"m_AlwaysRefresh":false,"showFog":true,"showSkybox":false,"showFlares":true,"showImageEffects":true,"showParticleSystems":true,"showVisualEffectGraphs":true,"m_FxEnabled":true},"in2DMode":false,"pivot":{"x":1.344316840171814,"y":2.9802322387695315e-8,"z":2.0387535095214845},"rotation":{"x":0.01726570352911949,"y":0.37178468704223635,"z":-0.006917439866811037,"w":0.9281334280967712},"size":1.246256947517395,"orthographic":false}